{"gbDKuQgUx702LNS95RyMNg==":"mbr-1.jpg","04sx91A9OFPVfnHsr0CBug==":"mbr-2.jpg","vx1HCfMmqDU+s7Eui2JRdg==":"mbr-3.jpg","KZ9bLk9AH2ZsJ75m1vIHgA==":"mbr.png","Y3vQ9NrQmNgUekrM4H/8nA==":"mbr-3.jpeg","4jMTBEKvtHt4yLp64yJ7rQ==":"mbr-4.jpg","vlgcUSC18u1mj5K5ihrfAw==":"mbr-7.jpg","tTz86reHysGEwhEcX5uwVA==":"mbr-8.jpg","HPvps2PYs2xvCuXnWbZ9Hw==":"mbr-8.jpeg","KF+Wa3qUz9G/nA/BRqWBHw==":"mbr.jpeg","LsH5lvBYKniR4SADVP1NTQ==":"mbr-9.jpeg","xvEZoRtTpRo8PQiyUW4s5Q==":"mbr-10.jpg","IDI+CXQpTCod/TkNrC3CYQ==":"mbr.jpg","X0NkBDGMu+zd4PYMoLSDwA==":"mbr-5.jpg","wX76oSpNBIHut/EW6vVidQ==":"mbr-1.jpeg","kBWcS24dsvzugKxtOJfDkA==":"mbr-10.jpeg","AqiWvoBfpOlkr8UUtleSIQ==":"mbr-1920x1246.jpg","HSHkWwVV9G2H/nnqrO7ohA==":"mbr-1919x1080.jpg","HL0H/mR/s8Xw57C533D2DA==":"mbr-1-1919x1080.jpg","O5uam1PXrhH7YxZq5GH9Xg==":"mbr-980x735.jpg","KzOoojNXI5jfMvRu1uc3OQ==":"mbr-696x462.jpg","RLebBt5TXTZdUrJDIOW7aA==":"mbr-696x446.jpg","5LaQSOdcWYhsDh9W5f1mmw==":"mbr-696x446.jpeg","p3HjH+6qpyFH48VhTDLJ+A==":"images-225x225.jpg","EgE6NZael8whJZ9rciAsjw==":"mbr-886x588.jpeg","yAd71IdzC49vjYOOU+fyKQ==":"design%20sem%20nome-886x886.png","AOyTB7i7QXe2wr/XssUTxg==":"design%20sem%20nome-886x886.png","BMeEf701XYIlnkRBojVaqA==":"design%20sem%20nome-886x886.png","D4g6HpWnbhy0TjXI/sdwWw==":"design%20sem%20nome%20(1)-886x886.png","I5K4Hp671NfmyvGT7dhUIQ==":"mbr-1.png","dhuCD1aZe08DYdtQyILjmw==":"design%20sem%20nome%20(2)-696x696.png"}